{"products":[{"id":"0.184336261177783","qty":1}],"totalPrice":14.990000000000004}